<?xml version="1.0" encoding="UTF-8" standalone="yes"?>
<manifest>
  <control namespace="PreambleTextField" constructor="PreambleTextField" version="0.0.1" display-name-key="PreambleTextField" description-key="PreambleTextField description" control-type="standard" api-version="1.3.18">
    <external-service-usage enabled="false"/>
    <property name="ColumnInput" display-name-key="Column Input" description-key="Select the column to bind the input value to." of-type="SingleLine.Text" usage="bound" required="false"/>
    <property name="placeholder" display-name-key="Placeholder" description-key="Enter the placeholder text that you want to appear in the input field. Will be replaced when user types." of-type="SingleLine.Text" usage="input" required="false"/>
    <resources>
      <code path="bundle.js" order="1"/>
      <css path="css/PreambleTextField.css" order="1"/>
    </resources>
    <feature-usage/>
    <built-by name="pac" version="1.45.2"/>
  </control>
</manifest>