<?xml version="1.0" encoding="UTF-8" standalone="yes"?>
<manifest>
  <control namespace="TextFieldPreamble" constructor="PreambleTextField" version="0.0.1" display-name-key="PreambleTextField" description-key="PreambleTextField description" control-type="standard" api-version="1.3.18">
    <external-service-usage enabled="false"/>
    <property name="Preamble_Text" display-name-key="Preamble_Text" description-key="Preamble_Text_Desc_Key" of-type="SingleLine.Text" usage="bound" required="true"/>
    <resources>
      <code path="bundle.js" order="1"/>
      <css path="css/PreambleTextPCF.css" order="1"/>
      <resx path="strings/PreambleTextField.1033.resx" version="1.0.0"/>
    </resources>
    <feature-usage/>
    <built-by name="pac" version="1.45.2"/>
  </control>
</manifest>